,Z,Element,t_half,phi_n,log10_t_half
6,118,Og,0.00069,0.0025712688638263323,-3.161150909262745
7,117,Ts,2e-05,0.002598768971710507,-4.698970004336019
8,116,Lv,0.061,0.0026268030596051724,-1.214670164989233
9,115,Mc,0.65,0.0026553862345706273,-0.18708664335714442
11,113,Nh,0.02,0.002714263119255632,-1.6989700043360187
12,112,Cn,0.29,0.00274458996853243,-0.5376020021010439
13,111,Rg,0.0016,0.0027755322409327076,-2.7958800173440754
14,110,Ds,0.0006,0.0028071081399667712,-3.2218487496163566
